,question,variations
0,How can I know more about the fellowships?,I want to learn more about fellowships but don't know where to start.
1,How can I know more about the fellowships?,I'd like to learn more about fellowships but don't know where to begin.
2,How can I know more about the fellowships?,"I'm curious about the fellowships, but I'm not sure where to start."
3,How can I know more about the fellowships?,I'd like to learn more about fellowships but don't know where to start.
4,How can I know more about the fellowships?,What is the most effective way for me to learn more about the fellowship opportunities?
5,How can I know more about the fellowships?,What is the best way for me to learn more about fellowships?
6,How can I know more about the fellowships?,What's the best way for me to learn more about the fellowships?
7,How can I know more about the fellowships?,What are my options for learning more about the fellowships?
8,How can I know more about the fellowships?,"I'd like to learn more about the fellowships, but I'm not sure where to start."
9,How can I know more about the fellowships?,What are some good places to go to learn more about the fellowships?
10,How can I know more about the fellowships?,What is the most efficient way for me to learn more about the fellowship opportunities?
11,How can I know more about the fellowships?,What resources do I have access to in order to learn more about the fellowships?
12,How can I know more about the fellowships?,What is the best way for me to learn more about the fellowships?
13,How can I know more about the fellowships?,I'm curious about the fellowships but don't know where to start.
14,How can I know more about the fellowships?,What are some good resources for learning more about the fellowships?
15,How can I know more about the fellowships?,How can I learn more about the fellowships?
16,How can I know more about the fellowships?,What are some good places to learn more about fellowships?
17,How can I know more about the fellowships?,How can I find out more about the fellowships?
18,How can I know more about the fellowships?,I'm interested in learning more about fellowships but am unsure where to start.
19,How can I know more about the fellowships?,"I'm interested in learning more about fellowships, but I'm not sure where to start."
20,How can I know more about the fellowships?,"I'd like to find out more about fellowships, but I'm not sure where to start."
21,How can I know more about the fellowships?,"I'm interested in learning more about fellowships, but I'm not sure where to begin."
22,How can I know more about the fellowships?,How can I learn more about the fellowship opportunities in the most efficient manner?
23,How can I know more about the fellowships?,How can I learn more about the fellowship opportunities in the most efficient way possible?
24,How can I know more about the fellowships?,I'm interested in learning more about the fellowships but don't know where to begin.
25,How can I know more about the fellowships?,What resources do I have to learn more about fellowships?
26,How can I know more about the fellowships?,What is the best way for me to learn more about the fellowship opportunities?
27,How can I know more about the fellowships?,What would be the most effective way for me to learn more about the fellowships?
28,How can I know more about the fellowships?,I'm curious about fellowships but don't know where to start.
29,How can I know more about the fellowships?,What resources are available to help me learn more about the fellowships?
30,How can I know more about the fellowships?,What options do I have for learning more about fellowships?
31,How can I know more about the fellowships?,How can I learn more about the fellowship opportunities in the most efficient way?
32,How can I know more about the fellowships?,What are some good places to go to learn more about fellowships?
33,How can I know more about the fellowships?,What resources can I use to learn more about the fellowships?
34,How can I know if I'm eligible for a fellowship?,What is the best way to find out if I'm eligible for a fellowship?
35,How can I know if I'm eligible for a fellowship?,What's the best way to find out if I'm qualified for a fellowship?
36,How can I know if I'm eligible for a fellowship?,How can I find out if I'm eligible for a fellowship if I'm not sure?
37,How can I know if I'm eligible for a fellowship?,How do I find out if I'm a fellowship candidate?
38,How can I know if I'm eligible for a fellowship?,How do I know if I'm a candidate for a fellowship?
39,How can I know if I'm eligible for a fellowship?,What is the best way to find out if I am eligible for a fellowship?
40,How can I know if I'm eligible for a fellowship?,What is the process for determining whether or not I am a candidate for a fellowship?
41,How can I know if I'm eligible for a fellowship?,How do I know if I'm eligible for a fellowship?
42,How can I know if I'm eligible for a fellowship?,How do I see if I'm eligible for a fellowship?
43,How can I know if I'm eligible for a fellowship?,"If I'm not sure if I qualify for a fellowship, how can I find out?"
44,How can I know if I'm eligible for a fellowship?,I'm not sure if I'm eligible for a fellowship.
45,How can I know if I'm eligible for a fellowship?,"If I'm not sure whether I'm eligible for a fellowship, how can I find out?"
46,How can I know if I'm eligible for a fellowship?,"I'm not sure if I'm eligible for a fellowship, so how can I find out?"
47,How can I know if I'm eligible for a fellowship?,How do I find out if I'm a candidate for a fellowship?
48,How can I know if I'm eligible for a fellowship?,How can I find out if I'm a fellowship candidate?
49,How can I know if I'm eligible for a fellowship?,How can I find out if I'm eligible for a fellowship?
50,How can I know if I'm eligible for a fellowship?,What is the best way to find out if I am a candidate for a fellowship?
51,How can I know if I'm eligible for a fellowship?,How do I know if I'm a fellowship candidate?
52,How can I know if I'm eligible for a fellowship?,How do I find out if I'm eligible for a fellowship if I'm not sure?
53,How can I know if I'm eligible for a fellowship?,How can I see if I'm eligible for a fellowship?
54,How can I know if I'm eligible for a fellowship?,How can I find out if I'm a candidate for a fellowship?
55,How can I know if I'm eligible for a fellowship?,"If I'm not sure if I'm eligible for a fellowship, how can I find out?"
56,How can I know if I'm eligible for a fellowship?,"I'm not sure if I'm eligible for a fellowship, so how do I find out?"
57,How can I know if I'm eligible for a fellowship?,How can I find out if I'm qualified for a fellowship?
58,How can I know if I'm eligible for a fellowship?,How do I find out if I'm qualified for a fellowship?
59,How can I know if I'm eligible for a fellowship?,How do I find out if I'm eligible for a fellowship?
60,How long is the fellowship?,Is the fellowship for a specific amount of time?
61,How long is the fellowship?,How long will the fellowship last?
62,How long is the fellowship?,Is there a time limit to the fellowship?
63,How long is the fellowship?,Is the fellowship going to last a long time?
64,How long is the fellowship?,What is the duration of the fellowship?
65,How long is the fellowship?,Is this a fixed-term fellowship?
66,How long is the fellowship?,Is the fellowship for a specific time period?
67,How long is the fellowship?,Is there a time limit on the fellowship?
68,How long is the fellowship?,Is the fellowship for a set period of time?
69,How long is the fellowship?,How long is the fellowship going to last?
70,How long is the fellowship?,What is the fellowship's duration?
71,How long is the fellowship?,Is the fellowship for a specific period of time?
72,How long is the fellowship?,Is the fellowship for a set amount of time?
73,How long is the fellowship?,Is there a time limit for the fellowship?
74,How long is the fellowship?,Is the fellowship for a set number of months?
75,Is IDP training free?,Is IDP training available for free?
76,Is IDP training free?,Is there any IDP training that is free?
77,Is IDP training free?,Is IDP training free?
78,Is IDP training free?,Is IDP training expensive?
79,Is IDP training free?,Is there a cost for IDP training?
80,Is IDP training free?,Is it possible to receive free IDP training?
81,Is IDP training free?,Is there a cost associated with IDP training?
82,Is IDP training free?,Is there a fee for IDP training?
83,Is IDP training free?,Is it possible to obtain IDP training for free?
84,Is IDP training free?,Is IDP training costly?
85,Is IDP training free?,Is there a way to get free IDP training?
86,Is IDP training free?,Is there any IDP training that is available for free?
87,Is IDP training free?,Is there a way to get IDP training for free?
88,Is IDP training free?,Is IDP training offered at no cost?
89,Is IDP training free?,Is it possible to get free IDP training?
90,Is IDP training free?,Is IDP training provided free of charge?
91,Is IDP training free?,Is IDP education costly?
92,Is IDP training free?,Is the IDP program costly?
93,Is IDP training free?,Is there a price tag attached to IDP training?
94,Is IDP training free?,Does IDP training come at a cost?
95,Is IDP training free?,Is there any free IDP training available?
96,Is IDP training free?,Is it possible to obtain free IDP training?
97,Is IDP training free?,Is IDP training offered for free?
